<?xml version="1.0" encoding="utf-8"?>
<unattend xmlns="urn:schemas-microsoft-com:unattend">
  <settings pass="windowsPE">
    <component name="Microsoft-Windows-Setup" processorArchitecture="amd64" publicKeyToken="31bf3856ad364e35" language="neutral" versionScope="nonSxS" xmlns:wcm="http://schemas.microsoft.com/WMIConfig/2002/State" xmlns:xsi="http://www.w3.org/2001/XMLSchema-instance">
      <UserData>
        <AcceptEula>true</AcceptEula>
        <FullName>Administrator</FullName>
        <Organization>MyOrg</Organization>
      </UserData>
      <DiskConfiguration>
        <Disk wcm:action="add">
          <DiskID>0</DiskID>
          <WillWipeDisk>true</WillWipeDisk>
          <CreatePartitions>
            <CreatePartition wcm:action="add">
              <Order>1</Order>
              <Type>EFI</Type>
              <Size>100</Size>
            </CreatePartition>
            <CreatePartition wcm:action="add">
              <Order>2</Order>
              <Type>MSR</Type>
              <Size>16</Size>
            </CreatePartition>
            <CreatePartition wcm:action="add">
              <Order>3</Order>
              <Type>Primary</Type>
              <Extend>true</Extend>
            </CreatePartition>
          </CreatePartitions>
          <ModifyPartitions>
            <ModifyPartition wcm:action="add">
              <Order>1</Order>
              <PartitionID>1</PartitionID>
              <Format>FAT32</Format>
              <Label>System</Label>
            </ModifyPartition>
            <ModifyPartition wcm:action="add">
              <Order>3</Order>
              <PartitionID>3</PartitionID>
              <Format>NTFS</Format>
              <Label>Windows</Label>
              <Letter>C</Letter>
            </ModifyPartition>
          </ModifyPartitions>
        </Disk>
        <WillShowUI>Never</WillShowUI>
      </DiskConfiguration>
      <ImageInstall>
        <OSImage>
          <InstallFrom>
            <MetaData wcm:action="add">
              <Key>/IMAGE/NAME</Key>
              <Value>Windows 11 Enterprise</Value>
            </MetaData>
          </InstallFrom>
          <InstallTo>
            <DiskID>0</DiskID>
            <PartitionID>3</PartitionID>
          </InstallTo>
          <InstallToAvailablePartition>true</InstallToAvailablePartition>
        </OSImage>
      </ImageInstall>
    </component>
    <component name="Microsoft-Windows-International-Core-WinPE" processorArchitecture="amd64" publicKeyToken="31bf3856ad364e35" language="neutral" versionScope="nonSxS" xmlns:wcm="http://schemas.microsoft.com/WMIConfig/2002/State" xmlns:xsi="http://www.w3.org/2001/XMLSchema-instance">
      <SetupUILanguage>
        <UILanguage>en-GB</UILanguage>
      </SetupUILanguage>
      <InputLocale>en-GB</InputLocale>
      <SystemLocale>en-GB</SystemLocale>
      <UILanguage>en-GB</UILanguage>
      <UILanguageFallback>en-GB</UILanguageFallback>
      <UserLocale>en-GB</UserLocale>
    </component>
  </settings>
  <settings pass="oobeSystem">
    <component name="Microsoft-Windows-International-Core" processorArchitecture="amd64" publicKeyToken="31bf3856ad364e35" language="neutral" versionScope="nonSxS" xmlns:wcm="http://schemas.microsoft.com/WMIConfig/2002/State" xmlns:xsi="http://www.w3.org/2001/XMLSchema-instance">
      <InputLocale>en-GB</InputLocale>
      <SystemLocale>en-GB</SystemLocale>
      <UILanguage>en-GB</UILanguage>
      <UILanguageFallback>en-GB</UILanguageFallback>
      <UserLocale>en-GB</UserLocale>
    </component>
    <component name="Microsoft-Windows-Shell-Setup" processorArchitecture="amd64" publicKeyToken="31bf3856ad364e35" language="neutral" versionScope="nonSxS" xmlns:wcm="http://schemas.microsoft.com/WMIConfig/2002/State" xmlns:xsi="http://www.w3.org/2001/XMLSchema-instance">
      <OOBE>
        <HideEULAPage>true</HideEULAPage>
        <HideLocalAccountScreen>true</HideLocalAccountScreen>
        <HideOEMRegistrationScreen>true</HideOEMRegistrationScreen>
        <HideOnlineAccountScreens>true</HideOnlineAccountScreens>
        <HideWirelessSetupInOOBE>true</HideWirelessSetupInOOBE>
        <NetworkLocation>Work</NetworkLocation>
        <ProtectYourPC>1</ProtectYourPC>
      </OOBE>
      <AutoLogon>
        <Password>
          <Value>P@ssw0rd!</Value>
          <PlainText>true</PlainText>
        </Password>
        <Enabled>true</Enabled>
        <Username>Administrator</Username>
        <LogonCount>3</LogonCount>
      </AutoLogon>
      <UserAccounts>
        <AdministratorPassword>
          <Value>P@ssw0rd!</Value>
          <PlainText>true</PlainText>
        </AdministratorPassword>
      </UserAccounts>
      <RegisteredOrganization>MyOrg</RegisteredOrganization>
      <RegisteredOwner>Administrator</RegisteredOwner>
    </component>
  </settings>
</unattend>
